Id,Queue,Test,Authenticated,LastAccessed,Occasions,Items,eMail
0000-5555-0002-0000, FRESH,1,01/01/2019 00:01,01/01/2019 00:01,0,0,
0000-5555-0002-0001, FRESH,1,01/01/2019 00:01,01/01/2019 00:01,0,0,
0000-5555-0002-0002, FRESH,1,01/01/2019 00:01,01/01/2019 00:01,0,0,
0000-5555-0002-0003, FRESH,1,01/01/2019 00:01,01/01/2019 00:01,0,0,
0000-5555-0002-0004, FRESH,1,01/01/2019 00:01,01/01/2019 00:01,0,0,
0000-5555-0002-0005, FRESH,1,01/01/2019 00:01,01/01/2019 00:01,0,0,
0000-5555-0002-0006, FRESH,1,01/01/2019 00:01,01/01/2019 00:01,0,0,
0000-5555-0002-0007, FRESH,1,01/01/2019 00:01,01/01/2019 00:01,0,0,
0000-5555-0002-0008, FRESH,1,01/01/2019 00:01,01/01/2019 00:01,0,0,
0000-5555-0002-0009, FRESH,1,01/01/2019 00:01,01/01/2019 00:01,0,0,
0000-5555-0002-0010, FRESH,1,01/01/2019 00:01,01/01/2019 00:01,0,0,
0000-5555-0002-0011, FRESH,1,01/01/2019 00:01,01/01/2019 00:01,0,0,
0000-5555-0002-0012, FRESH,1,01/01/2019 00:01,01/01/2019 00:01,0,0,
0000-5555-0002-0013, FRESH,1,01/01/2019 00:01,01/01/2019 00:01,0,0,
0000-5555-0002-0014, FRESH,1,01/01/2019 00:01,01/01/2019 00:01,0,0,
0000-5555-0002-0015, FRESH,1,01/01/2019 00:01,01/01/2019 00:01,0,0,