﻿Id,Queue,Active,Serial,Test,PanelistId,Authenticated,LastAccessed,Occasions,Items,Language,EventID,MinDate,MaxDate,Previous,ShowIntro,
93a4e153-a542-4e1d-aa03-345b9e9a555d_user0012@project1.Diary,FRESH,False,0,True,user0012@project1.Diary,01/01/2019 00:01,01/01/2019 00:01,0,0,ENG,93a4e153-a542-4e1d-aa03-345b9e9a555d,2024-06-12T12:34:00.000Z,2024-06-09T12:34:00.000Z,64_Character_description_of_the_drink_consumed_by_the_respondent,true,
open1009068315,TIMED_OUT,False,7,False,thediarytest1,,,,,,4d7d8b28-eea3-4258-9330-d4083e078781,2024-08-19T16:24,2024-08-22T16:24,,,
open10534466,TIMED_OUT,False,12,False,thediarytest1,,,,,,f61da7e6-6422-41cf-ae59-923489ce832d,2024-08-19T17:47,2024-08-22T17:47,,,
open1708540266,TIMED_OUT,False,11,False,thediarytest1,,,,,,895e4e56-0eee-42ac-95c0-e5e7f9bb8d6f,2024-08-19T16:43,2024-08-22T16:43,,,
open1737019335,TIMED_OUT,False,5,False,thediarytest1,,,,,,992fcb41-1dc4-4789-a83a-95c52dfec487,2024-08-19T16:22,2024-08-22T16:22,,,
open2323098838,TIMED_OUT,False,14,False,thediarytest1,,,,,,126b4c88-82cb-4d0f-ad74-540ebdb7d3b5,2024-08-19T18:36,2024-08-22T18:36,,,
open2517817475,TIMED_OUT,False,10,False,thediarytest1,,,,,,d0262af5-451e-4bcf-9bc8-6d6d7a811592,2024-08-19T16:38,2024-08-22T16:38,,,
open310934611,TIMED_OUT,False,3,False,thediarytest1,,,,,,6d90c0fa-1349-480b-aff1-06d753bced12,2024-08-19T16:19,2024-08-22T16:19,,,
open3243819738,TIMED_OUT,False,13,False,thediarytest1,,,,,,1d676661-c812-496e-bec7-5b047ef5af21,2024-08-19T18:09,2024-08-22T18:09,,,
open3456880514,TIMED_OUT,False,4,False,thediarytest1,,,,,,a4360610-a5a9-4847-abb5-48616759a3f3,2024-08-19T16:21,2024-08-22T16:21,,,
open456133940,TIMED_OUT,False,9,False,thediarytest1,,,,,,ba52adb8-ec4a-4085-a88d-c6cb891efe67,2024-08-19T16:33,2024-08-22T16:33,,,
open576567734,TIMED_OUT,False,2,False,thediarytest1,,,,,,c5dbd4bb-ea3e-44d5-8bff-63f7973cc724,2024-08-19T15:49,2024-08-22T15:49,,,
open637274425,TIMED_OUT,False,6,False,thediarytest1,,,,,,1f601078-4d71-47c1-97df-08e263063f9d,2024-08-19T16:22,2024-08-22T16:22,,,
open721900080,TIMED_OUT,False,8,False,thediarytest1,,,,,,d6baf7c7-db8d-4863-a071-625c3db5c2ae,2024-08-19T16:26,2024-08-22T16:26,,,
S20223334,FAILED,False,1,False,,,,,,,,,,,,
